交易日期,戶別,樓層,總價萬,總面積坪,車位數,車位價萬,車位價來源,扣車位面積坪,含車單價,不含車單價,期別,有效,備註
114/05/25,A,27,8200.0,163.13,3,530,估算(坡道平面中位),133.34,50.27,57.52,轉售,是,
114/05/21,B,17,6868.0,152.6,2,353,估算(坡道平面中位),132.74,45.01,49.08,轉售,是,毛胚屋;
113/04/12,B,9,7918.0,166.35,3,530,估算(坡道平面中位),136.56,47.6,54.1,轉售,是,
113/03/08,A,4,6813.0,165.69,3,530,估算(坡道平面中位),135.9,41.12,46.23,轉售,是,毛胚屋;
112/06/09,B,21,6880.0,152.6,2,353,估算(坡道平面中位),132.74,45.09,49.17,轉售,是,毛胚屋;
112/05/09,B,6,6568.0,156.42,2,353,估算(坡道平面中位),136.56,41.99,45.51,轉售,是,毛胚屋:0房0廳4衛
111/08/31,A,9,8040.0,176.89,4,707,估算(坡道平面中位),137.17,45.45,53.46,建商,是,"建物第一次登記後移轉,毛胚屋;"
111/04/22,B,15,8447.0,172.47,4,707,估算(坡道平面中位),132.75,48.98,58.31,建商,是,"建物第一次登記後移轉,毛胚屋;"
111/02/11,A,16,7200.0,163.13,3,530,估算(坡道平面中位),133.34,44.14,50.02,轉售,是,
111/01/22,A,35,8328.0,142.76,2,353,估算(坡道平面中位),122.9,58.34,64.89,建商,是,建物第一次登記後移轉
109/08/21,A,32,8500.0,163.13,3,530,估算(坡道平面中位),133.34,52.11,59.77,轉售,是,
109/08/03,B,31,8450.0,182.4,5,883,估算(坡道平面中位),132.75,46.33,57.0,轉售,否,受債權債務關係影響或債務抵償;
109/08/03,A,31,8350.0,173.06,4,707,估算(坡道平面中位),133.34,48.25,57.32,轉售,否,受債權債務關係影響或債務抵償;
109/04/26,A,24,7100.0,153.2,2,353,估算(坡道平面中位),133.34,46.34,50.6,轉售,是,
109/01/22,B,11,7133.0,162.53,3,530,估算(坡道平面中位),132.74,43.89,49.74,轉售,是,
109/01/08,B,34,8388.0,153.07,3,530,估算(坡道平面中位),123.28,54.8,63.74,轉售,是,
108/12/03,A,4,6843.0,165.69,3,530,估算(坡道平面中位),135.9,41.3,46.45,轉售,是,
107/10/09,B,28,9169.0,162.53,3,530,估算(坡道平面中位),132.74,56.41,65.08,建商,是,建物第一次登記後移轉
107/09/10,B,4,6927.0,175.01,4,707,估算(坡道平面中位),135.29,39.58,45.98,建商,是,建物第一次登記後移轉
107/08/14,B,19,7616.0,162.53,3,530,估算(坡道平面中位),132.74,46.86,53.38,建商,是,建物第一次登記後移轉
107/06/04,A,28,9339.0,163.13,3,530,估算(坡道平面中位),133.34,57.25,66.06,建商,是,建物第一次登記後移轉
107/06/01,B,9,6940.0,166.35,3,530,估算(坡道平面中位),136.56,41.72,46.94,建商,是,建物第一次登記後移轉
107/05/29,A,6,6868.0,166.96,3,530,估算(坡道平面中位),137.17,41.14,46.21,建商,是,建物第一次登記後移轉
107/04/20,B,30,8869.0,162.53,3,530,估算(坡道平面中位),132.74,54.57,62.82,建商,是,建物第一次登記後移轉
107/04/20,A,30,8726.0,163.13,3,530,估算(坡道平面中位),133.34,53.49,61.47,建商,是,建物第一次登記後移轉
107/04/19,B,22,7816.0,162.53,3,530,估算(坡道平面中位),132.74,48.09,54.89,建商,是,建物第一次登記後移轉
107/03/28,B,33,8792.0,151.78,2,353,估算(坡道平面中位),131.92,57.93,63.97,轉售,是,
107/03/28,A,33,8800.0,152.38,2,353,估算(坡道平面中位),132.52,57.75,63.74,轉售,是,
106/11/27,B,32,8833.0,162.53,3,530,估算(坡道平面中位),132.74,54.35,62.55,建商,是,建物第一次登記後移轉
106/06/28,A,12,7842.35,153.2,2,400.0,實登揭露,133.34,51.19,55.81,建商,是,"建物第一次登記後移轉,本件總價包含室內隔間及廚具、衛浴等基本配備"
106/03/17,B,36,7508.59,142.15,2,480.0,實登揭露,122.29,52.82,57.47,建商,是,"建物第一次登記後移轉,本件登錄金額為轉讓金額"
106/03/17,A,36,7787.41,152.69,3,720.0,實登揭露,122.9,51.0,57.51,建商,是,"建物第一次登記後移轉,本件登錄金額為轉讓金額"
105/11/15,A,32,8829.0,163.13,3,480.0,實登揭露,133.34,54.12,62.61,建商,是,建物第一次登記後移轉
105/08/01,B,13,7028.6,152.6,2,450.0,實登揭露,132.74,46.06,49.56,建商,是,建物第一次登記後移轉
105/06/19,B,31,8977.0,172.47,4,770.0,實登揭露,132.75,52.05,61.82,建商,是,建物第一次登記後移轉
105/06/19,A,31,9085.0,173.06,4,840.0,實登揭露,133.34,52.5,61.83,建商,是,建物第一次登記後移轉
104/06/16,B,25,6995.0,152.6,2,360.0,實登揭露,132.74,45.84,49.98,建商,是,建物第一次登記後移轉
104/06/16,A,25,7145.0,152.99,2,480.0,實登揭露,133.13,46.7,50.06,建商,是,建物第一次登記後移轉
103/12/01,整層,37,16223.0,259.45,5,1440.0,實登揭露,209.8,62.53,70.46,建商,是,建物第一次登記後移轉
103/12/01,整層,38,15933.0,256.62,5,1260.0,實登揭露,206.97,62.09,70.89,建商,是,建物第一次登記後移轉
102/08/17,B,21,7088.0,152.6,2,320.0,實登揭露,132.74,46.45,50.99,建商,是,建物第一次登記後移轉
102/07/09,B,20,7126.0,152.6,2,400.0,實登揭露,132.74,46.7,50.67,轉售,是,
102/07/03,B,16,6623.0,152.6,2,300.0,實登揭露,132.74,43.4,47.63,建商,是,建物第一次登記後移轉
102/07/03,B,17,6692.0,152.6,2,310.0,實登揭露,132.74,43.85,48.08,建商,是,建物第一次登記後移轉
102/07/03,B,8,6569.0,166.35,3,390.0,實登揭露,136.56,39.49,45.25,建商,是,建物第一次登記後移轉
102/06/27,A,24,6970.0,153.2,2,340.0,實登揭露,133.34,45.5,49.72,建商,是,建物第一次登記後移轉
102/06/05,B,10,6216.0,152.6,2,280.0,實登揭露,132.74,40.73,44.72,建商,是,建物第一次登記後移轉
102/06/05,A,10,6243.0,153.2,2,280.0,實登揭露,133.34,40.75,44.72,建商,是,建物第一次登記後移轉
102/06/01,A,11,6518.0,163.13,3,360.0,實登揭露,133.34,39.96,46.18,建商,是,建物第一次登記後移轉
102/05/25,A,16,6800.0,163.13,3,520.0,實登揭露,133.34,41.68,47.1,建商,是,建物第一次登記後移轉
102/04/26,A,17,6990.0,163.13,3,490.0,實登揭露,133.34,42.85,48.75,建商,是,建物第一次登記後移轉
102/03/08,A,19,6693.0,153.2,2,340.0,實登揭露,133.34,43.69,47.65,建商,是,建物第一次登記後移轉
102/02/10,B,29,8501.0,162.53,3,620.0,實登揭露,132.74,52.3,59.37,建商,是,建物第一次登記後移轉
102/02/10,A,29,8557.0,163.13,3,640.0,實登揭露,133.34,52.46,59.37,建商,是,建物第一次登記後移轉
102/01/28,B,27,7500.0,162.53,3,580.0,實登揭露,132.74,46.15,52.13,建商,是,建物第一次登記後移轉
102/01/28,A,27,7530.0,163.13,3,580.0,實登揭露,133.34,46.16,52.12,建商,是,建物第一次登記後移轉
102/01/11,B,26,8103.35,162.53,3,600.0,實登揭露,132.74,49.86,56.53,建商,否,"建物第一次登記後移轉,不動產之共有人數為２人 本件價款包含室內隔間及廚具與衛浴等基本配備"
102/01/11,A,5,6356.0,166.96,3,460.0,實登揭露,137.17,38.07,42.98,建商,是,建物第一次登記後移轉
102/01/10,B,7,6188.0,156.42,2,320.0,實登揭露,136.56,39.56,42.97,建商,是,建物第一次登記後移轉
102/01/02,B,18,6377.0,152.6,2,320.0,實登揭露,132.74,41.79,45.63,建商,是,建物第一次登記後移轉
102/01/02,A,18,6403.0,153.2,2,320.0,實登揭露,133.34,41.8,45.62,建商,是,建物第一次登記後移轉
102/01/01,B,23,7015.0,162.53,3,620.0,實登揭露,132.74,43.16,48.18,建商,是,建物第一次登記後移轉
102/01/01,A,23,6885.0,153.2,2,460.0,實登揭露,133.34,44.94,48.19,建商,是,建物第一次登記後移轉
101/12/29,A,8,6600.0,166.96,3,640.0,實登揭露,137.17,39.53,43.45,建商,是,建物第一次登記後移轉
101/12/27,B,6,6128.0,156.42,2,320.0,實登揭露,136.56,39.18,42.53,建商,是,建物第一次登記後移轉
101/12/23,A,15,6300.0,153.2,2,320.0,實登揭露,133.34,41.12,44.85,建商,是,建物第一次登記後移轉
101/12/22,B,5,6213.0,156.42,2,380.0,實登揭露,136.56,39.72,42.71,建商,是,建物第一次登記後移轉
101/12/22,A,26,8122.35,173.06,4,660.0,實登揭露,133.34,46.93,55.96,建商,否,"建物第一次登記後移轉,不動產之共有人數為２人 本件總價包含室內隔間及廚具與衛浴等基本配備"
101/12/14,B,12,6308.0,162.53,3,430.0,實登揭露,132.74,38.81,44.28,建商,是,建物第一次登記後移轉
