交易日期,門牌,路段,江子翠,同社區,樓層,屋齡,總價萬,總面積坪,主建物佔比,車位數,車位類別,車位價萬,車位價來源,扣車位面積坪,含車單價,不含車單價,用途,備註
115/07/14,雙十路二段41巷5號十五樓,雙十路二段,1,0,15,26,2400.0,32.18,0.6695,0,,0,,32.18,74.58,74.58,住家用,
115/07/14,篤行路三段74號二樓,篤行路三段,0,0,2,30,1400.0,35.26,0.772,0,,0,,35.26,39.71,39.71,住家用,
115/07/09,萬板路192號六樓之1,萬板路,0,0,6,30,2126.0,41.3,0.5264,1,坡道平面,250,實登揭露,30.4,51.48,61.71,住家用,陽台外推;其他增建;
115/07/09,民生路二段174號六樓,民生路二段,0,0,6,29,2298.0,33.31,0.6624,0,,0,,33.31,68.99,68.99,住家用,陽台外推;其他增建;
115/07/01,雙十路二段41巷5號十五樓之1,雙十路二段,1,0,15,26,2600.0,33.94,0.6843,0,,0,,33.94,76.61,76.61,住家用,
115/06/28,中山路二段443巷8號八樓,中山路二段,0,0,8,30,2500.0,44.71,0.6221,1,坡道平面,200,實登揭露,33.81,55.92,68.03,住家用,其他增建;
115/06/27,國泰街25巷8號七樓,國泰街,0,0,7,29,1800.0,31.04,0.7972,0,,0,,31.04,57.99,57.99,住家用,陽台外推;其他增建;
115/06/26,篤行路二段161巷16號六樓之一,篤行路二段,0,0,6,34,1520.0,36.48,0.7274,0,,0,,36.48,41.67,41.67,住家用,其他增建;
115/06/22,長安街261巷37號八樓,長安街,0,0,8,32,2388.0,49.72,0.9324,1,坡道平面,260,實登揭露,37.87,48.03,56.19,住家用,陽台外推;
115/06/22,懷德街139巷45號五樓之一,懷德街,0,0,5,30,1750.0,34.01,0.6756,0,,0,,34.01,51.46,51.46,住家用,其他增建;
115/06/20,長安街261巷33號九樓,長安街,0,0,9,32,2390.0,49.21,0.9726,1,坡道平面,200,實登揭露,37.36,48.57,58.62,住家用,陽台外推;
115/06/11,文化路二段182巷1弄10號七樓,文化路二段,1,1,7,31,2795.0,34.39,0.8041,0,,0,,34.39,81.27,81.27,商業用,陽台外推;其他增建;
115/06/05,篤行路三段74號十樓,篤行路三段,0,0,10,30,1360.0,34.83,0.7721,0,,0,,34.83,39.05,39.05,住家用,
115/05/29,國光路35號五樓,國光路,0,0,5,31,2300.0,47.08,0.6408,1,坡道平面,200,實登揭露,36.18,48.85,58.04,住家用,其他增建;
115/05/27,民生路三段6號二十樓,民生路三段,1,0,20,26,2700.0,39.74,0.6734,1,坡道機械,180,實登揭露,33.87,67.94,74.4,住家用,其他增建;
115/05/24,龍泉街108巷158號四樓,龍泉街,0,0,4,25,2420.0,49.91,0.7223,1,坡道平面,250,實登揭露,36.64,48.49,59.22,住家用,陽台外推;其他增建;
115/05/24,縣民大道三段258之2號六樓,縣民大道三段,0,0,6,27,2090.0,31.9,0.7439,0,,0,,31.9,65.52,65.52,住家用,陽台外推;其他增建;
115/05/10,篤行路三段13號十樓,篤行路三段,0,0,10,33,1350.0,32.63,0.8034,0,,0,,32.63,41.37,41.37,住家用,陽台外推;其他增建;
115/05/03,雙十路二段41巷13號四樓,雙十路二段,1,0,4,26,2420.0,33.54,0.6964,0,,0,,33.54,72.15,72.15,住家用,陽台外推;其他增建;
115/04/30,長安街261巷21號十四樓,長安街,0,0,14,32,2270.0,48.18,0.9445,1,坡道平面,250,實登揭露,36.33,47.11,55.6,住家用,陽台外推;
115/04/28,長江路二段116號十樓,長江路二段,0,0,10,28,2350.0,46.81,0.6896,1,坡道平面,200,實登揭露,35.02,50.2,61.39,住家用,陽台外推;
115/04/26,雙十路二段87號五樓之一,雙十路二段,1,0,5,27,2668.0,33.47,0.7859,0,,0,,33.47,79.71,79.71,住家用,陽台外推;其他增建;
115/04/26,莊敬路220巷26號五樓,莊敬路,1,0,5,26,2700.0,46.8,0.682,1,坡道平面,250,實登揭露,35.77,57.69,68.49,住家用,其他增建;
115/04/24,三民路二段150號八樓之一,三民路二段,0,0,8,30,1658.0,35.64,0.6639,0,,0,,35.64,46.52,46.52,住家用,陽台外推;其他增建;
115/04/21,民生路二段119號十一樓,民生路二段,0,0,11,33,2150.0,36.21,0.753,0,,0,,36.21,59.38,59.38,住家用,陽台外推;其他增建;
115/04/21,篤行路三段38號六樓,篤行路三段,0,0,6,26,1240.0,33.34,0.718,0,,0,,33.34,37.19,37.19,住家用,
115/04/19,民生路三段248號十樓之六,民生路三段,0,0,10,30,1785.0,32.52,0.8092,0,,0,,32.52,54.89,54.89,住家用,其他增建;
115/04/17,重慶路274巷14號八樓,重慶路,0,0,8,29,2120.0,43.0,0.714,1,坡道平面,230,實登揭露,33.93,49.3,55.7,住家用,陽台外推;
115/04/08,四川路二段11號九樓之一,四川路二段,0,0,9,27,1880.0,32.03,0.7184,0,,0,,32.03,58.69,58.69,住家用,鐵鋁窗其他增建;
115/04/06,四川路一段107號五樓之一,四川路一段,0,0,5,30,1771.0,33.47,0.6477,0,,0,,33.47,52.91,52.91,住家用,
115/03/21,長江路二段61號十樓,長江路二段,0,0,10,28,1960.0,35.1,0.6857,0,,0,,35.1,55.84,55.84,住家用,其他增建;
115/03/14,莊敬路220巷33號十三樓,莊敬路,1,0,13,26,2650.0,41.04,0.6857,1,坡道平面,270,實登揭露,30.42,64.57,78.24,住家用,陽台外推;其他增建;
115/03/14,國慶路186號九樓,國慶路,0,0,9,31,1775.0,35.13,0.8027,0,,0,,35.13,50.53,50.53,住家用,陽台外推;其他增建;
115/03/13,篤行路三段60號八樓之1,篤行路三段,0,0,8,26,1600.0,31.34,0.708,0,,0,,31.34,51.05,51.05,住家用,陽台外推;其他增建;
115/03/01,金門街31巷32號八樓,金門街,0,0,8,27,1720.0,47.84,0.5918,1,坡道平面,250,估算(類別中位),38.94,35.95,37.75,住家用,其他增建;
115/02/11,金門街256號五樓,金門街,0,0,5,31,1280.0,33.34,0.7372,0,,0,,33.34,38.39,38.39,住家用,其他增建;
115/02/08,長江路二段49號二十六樓,長江路二段,0,0,26,28,1980.0,36.84,0.6886,1,坡道機械,160,實登揭露,31.93,53.75,57.0,住家用,陽台外推;其他增建;
115/02/07,民生路三段29巷9號十樓,民生路三段,1,0,10,34,2502.0,43.39,0.7492,1,坡道機械,180,估算(類別中位),32.49,57.66,71.47,住家用,其他增建;
115/01/26,萬板路190號八樓之3,萬板路,0,0,8,29,2350.0,45.19,0.5586,1,坡道平面,250,估算(類別中位),34.29,52.0,61.24,住家用,陽台外推;
115/01/22,國慶路182巷2號七樓,國慶路,0,0,7,30,1606.0,31.08,0.7903,0,,0,,31.08,51.67,51.67,住家用,其他增建;
115/01/16,莊敬路156號九樓,莊敬路,1,0,9,28,2438.0,42.29,0.6587,1,坡道平面,250,實登揭露,30.46,57.65,71.83,住家用,陽台外推;其他增建;
115/01/15,雙十路二段87號五樓,雙十路二段,1,0,5,27,3188.0,47.78,0.8004,1,坡道平面,280,實登揭露,37.12,66.72,78.34,住家用,陽台外推;其他增建;
115/01/09,國光路67巷27號七樓,國光路,0,0,7,31,2680.0,47.26,0.6421,1,坡道平面,200,實登揭露,36.36,56.71,68.21,住家用,陽台外推;其他增建;
115/01/06,金門街31巷32號四樓,金門街,0,0,4,27,1900.0,38.94,0.5918,0,,0,,38.94,48.79,48.79,住家用,
114/12/23,民生路二段233號七樓,民生路二段,0,0,7,28,2475.0,33.25,0.6805,0,,0,,33.25,74.44,74.44,住家用,其他增建;
114/12/13,長江路二段86號十樓,長江路二段,0,0,10,28,2310.0,46.17,0.6768,1,坡道平面,250,實登揭露,33.87,50.03,60.82,住家用,陽台外推;其他增建;
114/12/13,三民路二段150號十二樓之一,三民路二段,0,0,12,29,1950.0,35.64,0.6639,0,,0,,35.64,54.71,54.71,住家用,陽台外推;其他增建;
114/12/11,篤行路三段54號十一樓,篤行路三段,0,0,11,26,1450.0,33.15,0.7313,0,,0,,33.15,43.74,43.74,住家用,陽台外推;
114/12/08,長安街261巷21號七樓,長安街,0,0,7,32,2118.0,48.17,0.9145,1,坡道平面,250,實登揭露,36.32,43.97,51.43,住家用,陽台外推;其他增建;
114/11/28,金門街297巷19號九樓,金門街,0,0,9,31,1810.0,41.37,0.5993,1,坡道平面,250,估算(類別中位),30.47,43.75,51.2,住家用,陽台外推;
114/11/15,民生路二段243號十五樓,民生路二段,0,0,15,28,2465.0,33.16,0.6771,0,,0,,33.16,74.34,74.34,住家用,陽台外推;其他增建;
114/11/03,南雅南路二段11之23號八樓,南雅南路二段,0,0,8,28,2450.0,47.62,0.8287,1,坡道平面,250,實登揭露,32.85,51.45,66.97,住家用,增建項目：臥室陽台外推陽台外推;其他增建;
114/10/22,國泰街25巷6號二樓之一,國泰街,0,0,2,29,2000.0,45.23,0.5492,1,坡道平面,230,實登揭露,34.33,44.22,51.56,住家用,其他增建;
114/10/18,民生路二段249號十四樓,民生路二段,0,0,14,28,2490.0,33.0,0.6839,0,,0,,33.0,75.45,75.45,住家用,
114/10/16,篤行路三段93號七樓,篤行路三段,0,0,7,27,1900.0,44.13,0.6988,1,坡道平面,250,估算(類別中位),36.4,43.05,45.33,住家用,陽台外推;其他增建;
114/10/09,莊敬路220巷26號十樓,莊敬路,1,0,10,26,2600.0,46.8,0.682,1,坡道平面,250,實登揭露,35.77,55.56,65.7,住家用,其他增建;
114/09/13,縣民大道三段258之1號三樓,縣民大道三段,0,0,3,27,1908.0,31.87,0.6798,0,,0,,31.87,59.87,59.87,住家用,陽台外推;
114/09/10,龍泉街90巷1號二樓之一,龍泉街,0,0,2,31,1500.0,33.68,0.6805,0,,0,,33.68,44.54,44.54,住家用,
114/09/02,篤行路三段11號八樓,篤行路三段,0,0,8,32,1310.0,32.63,0.8034,0,,0,,32.63,40.15,40.15,住家用,陽台外推;
114/08/09,雨農路56號二十樓,雨農路,0,0,20,28,2459.0,45.97,0.6865,1,坡道平面,250,實登揭露,35.07,53.49,62.99,住家用,其他增建;
114/08/05,長江路二段41號二樓,長江路二段,0,0,2,27,1880.0,38.24,0.6673,1,坡道機械,180,估算(類別中位),33.33,49.16,51.01,住家用,
114/07/29,萬安街53巷17之16號十一樓,萬安街,0,0,11,27,2000.0,45.8,0.6699,1,坡道平面,250,估算(類別中位),34.62,43.67,50.55,住家用,
114/07/20,中正路340號六樓之二,中正路,0,0,6,31,2000.0,43.96,0.6856,1,坡道平面,230,實登揭露,33.07,45.5,53.52,住家用,陽台外推;其他增建;
114/07/13,民生路二段16之2號十樓,民生路二段,0,0,10,28,2085.0,33.64,0.649,0,,0,,33.64,61.98,61.98,住家用,
114/07/12,莊敬路220巷41號七樓,莊敬路,1,0,7,26,2710.0,42.28,0.6485,1,坡道平面,260,實登揭露,32.16,64.1,76.18,住家用,陽台外推;
114/07/07,南雅南路二段11之27號四樓,南雅南路二段,0,0,4,28,1945.0,31.93,0.8414,0,,0,,31.93,60.91,60.91,住家用,陽台外推;
114/07/05,莊敬路42之1號二十三樓,莊敬路,1,0,23,27,2929.0,43.2,0.6369,1,坡道平面,250,實登揭露,31.52,67.8,84.99,住家用,陽台外推;其他增建;
114/06/30,民族路186號十一樓,民族路,0,0,11,34,1590.0,33.83,0.7523,0,,0,,33.83,47.0,47.0,住家用,陽台外推;其他增建;
114/06/22,重慶路76巷8號二樓,重慶路,0,0,2,30,2231.0,46.37,0.7336,1,坡道平面,250,實登揭露,32.61,48.11,60.75,住家用,陽台外推;其他增建;
114/06/22,雨農路56號十一樓,雨農路,0,0,11,28,2290.0,35.07,0.6866,0,,0,,35.07,65.3,65.3,住家用,
114/06/16,重慶路274巷12號三樓,重慶路,0,0,3,28,2100.0,44.06,0.7197,1,坡道平面,250,估算(類別中位),33.66,47.66,54.96,住家用,車位所在為地下一層42號車位陽台外推;
114/06/16,中正路375巷27號七樓,中正路,0,0,7,34,2100.0,50.62,0.7564,1,坡道平面,220,實登揭露,36.92,41.49,50.92,住家用,其他增建;
114/06/15,長江路二段47號十一樓,長江路二段,0,0,11,27,1988.0,35.74,0.6734,0,,0,,35.74,55.62,55.62,住家用,其他增建;
114/06/11,國慶路184號五樓,國慶路,0,0,5,30,1550.0,31.67,0.7611,0,,0,,31.67,48.94,48.94,商業用,
114/06/11,萬板路190號十二樓之3,萬板路,0,0,12,29,2208.0,32.71,0.7718,0,,0,,32.71,67.5,67.5,住家用,陽台外推;其他增建;
114/06/05,懷德街139巷45號十二樓,懷德街,0,0,12,29,2230.0,45.32,0.5071,1,坡道平面,200,實登揭露,34.42,49.21,58.98,住家用,陽台外推;
114/06/03,雨農路52號二十二樓,雨農路,0,0,22,28,2150.0,32.3,0.7165,0,,0,,32.3,66.56,66.56,住家用,其他增建;
114/06/02,國慶路206號九樓,國慶路,0,0,9,31,1450.0,38.56,0.6503,0,,0,,38.56,37.6,37.6,商業用,
114/05/23,大觀路三段212巷38號八樓,大觀路三段,0,0,8,29,1100.0,34.27,0.6645,0,,0,,34.27,32.1,32.1,住家用,
114/05/18,篤行路三段46號十一樓,篤行路三段,0,0,11,25,1668.0,44.34,0.727,1,坡道平面,250,估算(類別中位),34.28,37.62,41.37,住家用,
114/05/16,文化路二段522號十一樓,文化路二段,1,0,11,26,2538.0,42.61,0.7376,1,升降機械,150,估算(類別中位),39.07,59.56,61.12,住家用,
114/05/12,英士路53號十五樓之一,英士路,0,0,15,28,2250.0,43.2,0.7165,1,坡道平面,250,實登揭露,32.3,52.08,61.92,住家用,
114/05/12,四川路二段3號五樓,四川路二段,0,0,5,26,1638.0,31.5,0.7305,0,,0,,31.5,52.0,52.0,住家用,
114/05/12,長江路二段104號四樓,長江路二段,0,0,4,27,1908.0,35.93,0.7173,0,,0,,35.93,53.1,53.1,住家用,
114/04/26,民生路二段16之2號十一樓,民生路二段,0,0,11,28,1990.0,42.83,0.5097,1,坡道機械,180,實登揭露,31.93,46.46,56.69,住家用,陽台外推;
114/04/25,莒光路219號十樓,莒光路,0,0,10,28,2320.0,40.42,0.6732,2,坡道機械/坡道機械,300,實登揭露,31.02,57.4,65.12,住家用,陽台外推;其他增建;
114/04/20,中正路336號三樓之二,中正路,0,0,3,31,1850.0,36.08,0.6836,0,,0,,36.08,51.27,51.27,住家用,其他增建;
114/04/13,民生路二段8之3號二樓,民生路二段,0,0,2,28,1765.0,31.21,0.6742,0,,0,,31.21,56.55,56.55,住家用,陽台外推;其他增建;
114/04/12,南雅南路二段11之4號十二樓,南雅南路二段,0,0,12,28,2100.0,31.14,0.8242,0,,0,,31.14,67.44,67.44,住家用,陽台外推;其他增建;
114/04/09,大觀路三段97號七樓,大觀路三段,0,0,7,30,1230.0,31.76,0.7373,0,,0,,31.76,38.73,38.73,住家用,鐵鋁窗增建陽台外推;其他增建;
114/04/07,縣民大道三段254號四樓,縣民大道三段,0,0,4,26,1620.0,30.83,0.7302,0,,0,,30.83,52.55,52.55,住家用,
114/04/06,南雅南路二段5號七樓,南雅南路二段,0,0,7,29,2490.0,48.08,0.5889,1,坡道平面,250,估算(類別中位),37.18,51.79,60.25,住家用,陽台外推;
114/03/31,國慶路11號十三樓之二,國慶路,0,0,13,29,1610.0,33.27,0.569,0,,0,,33.27,48.39,48.39,工業用,陽台外推;其他增建;
114/03/28,民生路二段158號三樓,民生路二段,0,0,3,28,2850.0,47.32,0.7339,1,坡道平面,250,實登揭露,35.44,60.23,73.36,住家用,陽台外推;
114/03/26,篤行路一段32號二樓,篤行路一段,0,0,2,30,1388.0,32.73,0.797,0,,0,,32.73,42.41,42.41,住家用,
114/03/25,篤行路二段161巷4號二樓,篤行路二段,0,0,2,32,1410.0,35.95,0.7387,0,,0,,35.95,39.22,39.22,住家用,其他增建;
114/03/24,大觀路三段93號七樓,大觀路三段,0,0,7,30,1288.0,31.73,0.7366,0,,0,,31.73,40.59,40.59,住家用,其他增建;
114/03/24,民生路二段148號八樓,民生路二段,0,0,8,28,2538.0,35.81,0.6339,0,,0,,35.81,70.87,70.87,住家用,陽台外推;其他增建;
114/03/21,館前西路138號七樓,館前西路,0,0,7,26,1575.0,35.71,0.7384,0,,0,,35.71,44.11,44.11,住家用,
114/03/09,溪城路91號七樓之一,溪城路,0,0,7,28,1420.0,32.31,0.6949,0,,0,,32.31,43.95,43.95,住家用,鐵窗增建其他增建;
114/02/23,大觀路三段93號四樓,大觀路三段,0,0,4,30,1240.0,31.83,0.7344,0,,0,,31.83,38.96,38.96,住家用,陽台外推;
114/02/22,南雅南路二段11之10號十二樓,南雅南路二段,0,0,12,27,2222.0,31.88,0.8188,0,,0,,31.88,69.7,69.7,住家用,陽台外推;
114/02/21,三民路一段177號五樓,三民路一段,0,0,5,28,1668.0,34.99,0.6374,0,,0,,34.99,47.67,47.67,商業用,陽台外推;
114/02/20,金門街16號九樓,金門街,0,0,9,30,1375.0,31.97,0.7495,0,,0,,31.97,43.01,43.01,住家用,陽台外推;
114/02/18,金門街254號十樓,金門街,0,0,10,30,1460.0,33.21,0.7316,0,,0,,33.21,43.96,43.96,住家用,其他增建;
114/02/15,四川路二段11號九樓之一,四川路二段,0,0,9,26,1680.0,32.03,0.7184,0,,0,,32.03,52.45,52.45,住家用,
114/02/04,莊敬路152號十三樓,莊敬路,1,0,13,28,2758.0,43.76,0.6877,1,坡道平面,250,實登揭露,31.92,63.03,78.57,住家用,其他增建;
114/01/19,重慶路274巷14號四樓,重慶路,0,0,4,28,1800.0,33.93,0.714,0,,0,,33.93,53.05,53.05,住家用,陽台外推;其他增建;
114/01/10,南雅南路二段11之17號十八樓,南雅南路二段,0,0,18,27,2480.0,50.31,0.8048,1,坡道平面,280,實登揭露,35.54,49.29,61.9,住家用,陽台外推;其他增建;
114/01/08,貴興路84號六樓,貴興路,0,0,6,31,2200.0,36.3,0.7326,0,,0,,36.3,60.61,60.61,住家用,陽台外推;其他增建;
114/01/07,龍泉街90巷3號二樓之一,龍泉街,0,0,2,30,1880.0,33.68,0.6805,0,,0,,33.68,55.82,55.82,住家用,其他增建;
113/12/31,國光路31巷25號九樓,國光路,0,0,9,30,2500.0,47.26,0.635,1,坡道平面,250,估算(類別中位),36.36,52.9,61.88,住家用,
113/12/22,新海路135巷37號八樓,新海路,0,0,8,29,2210.0,50.66,0.5854,1,坡道平面,250,估算(類別中位),39.76,43.62,49.3,住家用,
113/12/15,中正路338號十四樓之三,中正路,0,0,14,31,2090.0,46.97,0.5251,1,坡道平面,250,估算(類別中位),36.07,44.5,51.01,住家用,
113/12/11,新海路135巷37號九樓,新海路,0,0,9,29,2227.0,50.66,0.5854,1,坡道平面,250,估算(類別中位),39.76,43.96,49.72,住家用,
113/12/05,英士路61號十六樓,英士路,0,0,16,27,2333.0,37.75,0.7166,1,坡道機械,180,估算(類別中位),32.3,61.8,66.66,住家用,陽台外推;
113/11/25,南雅南路二段11之17號十六樓,南雅南路二段,0,0,16,27,2565.0,50.31,0.8223,1,坡道平面,250,估算(類別中位),35.54,50.98,65.14,住家用,陽台外推;
113/11/25,國光路67巷39號七樓,國光路,0,0,7,30,2350.0,47.26,0.6421,1,坡道平面,250,估算(類別中位),36.36,49.72,57.76,住家用,
113/11/23,萬板路9號六樓,萬板路,0,0,6,25,2700.0,43.63,0.7135,1,坡道平面,250,實登揭露,34.04,61.88,71.97,住家用,其他增建;
113/11/20,民生路一段35號二樓,民生路一段,0,0,2,29,1580.0,36.18,0.7884,0,,0,,36.18,43.67,43.67,住家用,
113/11/20,懷德街139巷47號七樓,懷德街,0,0,7,29,2150.0,47.36,0.4838,1,坡道平面,250,估算(類別中位),36.46,45.4,52.11,住家用,
113/11/18,金門街295號三樓之一,金門街,0,0,3,29,1680.0,49.96,0.4666,1,坡道平面,250,估算(類別中位),39.06,33.63,36.61,住家用,陽台外推;其他增建;
113/11/12,長安街261巷47號十樓,長安街,0,0,10,30,2515.0,50.21,0.9323,1,坡道平面,250,實登揭露,38.36,50.09,59.05,住家用,其他增建;
113/11/08,雙十路二段211號十八樓,雙十路二段,1,0,18,26,2900.0,45.39,0.5687,1,坡道機械,100,實登揭露,34.49,63.89,81.18,住家用,
113/11/06,中正路338號九樓之三,中正路,0,0,9,30,2000.0,46.97,0.6836,1,坡道平面,250,實登揭露,36.08,42.58,48.5,住家用,其他增建;
113/11/05,篤行路二段161巷2號八樓,篤行路二段,0,0,8,32,1200.0,37.89,0.7036,0,,0,,37.89,31.67,31.67,住家用,
113/11/01,民族路260號十樓之1,民族路,0,0,10,31,1905.0,31.67,0.762,0,,0,,31.67,60.15,60.15,住家用,
113/10/25,國光路31巷16號十一樓,國光路,0,0,11,30,2360.0,47.26,0.6421,1,坡道平面,250,估算(類別中位),36.36,49.94,58.03,住家用,
113/10/15,金門街297巷9號八樓,金門街,0,0,8,29,1830.0,42.14,0.6029,1,坡道平面,250,估算(類別中位),31.24,43.43,50.58,住家用,陽台外推;
113/10/13,雨農路58號九樓,雨農路,0,0,9,27,2176.0,35.07,0.6866,0,,0,,35.07,62.05,62.05,住家用,其他增建;
113/10/12,中山路二段365號四樓,中山路二段,0,0,4,28,1780.0,41.88,0.6201,1,坡道機械,150,實登揭露,30.98,42.5,52.61,商業用,其他增建;
113/09/08,文化路二段410巷2弄18號四樓之一,文化路二段,1,0,4,28,2163.0,41.66,0.4481,1,坡道平面,250,估算(類別中位),30.76,51.92,62.19,住家用,
113/09/03,篤行路三段50號二樓,篤行路三段,0,0,2,25,1400.0,40.73,0.7339,1,坡道平面,200,實登揭露,32.75,34.37,36.64,住家用,有壁癌由買方自行修復陽台外推;
113/08/29,長江路二段88號十一樓,長江路二段,0,0,11,26,2350.0,46.66,0.6777,1,坡道平面,250,估算(類別中位),34.36,50.36,61.12,住家用,
113/08/22,板新路210號五樓,板新路,0,0,5,26,2100.0,32.63,0.6963,0,,0,,32.63,64.36,64.36,住家用,陽台外推;
113/08/19,莊敬路156號十六樓,莊敬路,1,0,16,27,2468.0,30.45,0.6588,0,,0,,30.45,81.05,81.05,住家用,其他增建;
113/08/19,篤行路二段70號十二樓,篤行路二段,0,0,12,30,1720.0,41.54,0.6933,1,坡道平面,250,估算(類別中位),30.64,41.41,47.98,住家用,
113/08/15,板新路210號四樓,板新路,0,0,4,26,2550.0,52.33,0.6138,1,坡道平面,250,實登揭露,37.02,48.73,62.13,住家用,陽台外推;其他增建;
113/07/27,民族路260號八樓,民族路,0,0,8,31,2340.0,37.56,0.854,0,,0,,37.56,62.3,62.3,住家用,
113/07/24,篤行路一段32號二樓,篤行路一段,0,0,2,29,1300.0,32.73,0.797,0,,0,,32.73,39.72,39.72,住家用,
113/07/21,雨農路62號二十六樓,雨農路,0,0,26,27,2308.0,32.3,0.7165,0,,0,,32.3,71.46,71.46,住家用,其他增建;
113/07/17,長江路二段55號九樓,長江路二段,0,0,9,26,1830.0,31.93,0.6885,0,,0,,31.93,57.31,57.31,住家用,陽台外推;
113/07/13,民族路216號十樓之一,民族路,0,0,10,25,2180.0,43.7,0.6546,1,坡道機械,180,估算(類別中位),37.7,49.89,53.05,住家用,陽台外推;
113/07/10,萬安街53巷17之13號十二樓,萬安街,0,0,12,26,1960.0,45.4,0.7047,1,坡道平面,250,估算(類別中位),34.22,43.17,49.97,住家用,陽台外推;
113/06/29,民生路二段16之1號二十三樓,民生路二段,0,0,23,27,1800.0,31.1,0.6477,0,,0,,31.1,57.88,57.88,住家用,陽台外推;
113/06/25,民生路二段156號二樓,民生路二段,0,0,2,27,2525.0,41.48,0.6037,1,坡道平面,250,估算(類別中位),34.12,60.87,66.68,住家用,陽台外推;
113/06/23,中山路二段139號十三樓,中山路二段,0,0,13,26,2300.0,41.74,0.6052,1,坡道機械,170,實登揭露,30.84,55.1,69.07,住家用,含汽車位編號116號
113/06/19,金門街372巷21號五樓,金門街,0,0,5,25,1800.0,40.73,0.6812,1,坡道平面,250,估算(類別中位),33.0,44.19,46.97,住家用,
113/06/15,長江路二段47號十三樓,長江路二段,0,0,13,26,2100.0,34.19,0.6505,0,,0,,34.19,61.42,61.42,住家用,
113/06/09,龍泉街90巷1號七樓,龍泉街,0,0,7,29,2010.0,35.84,0.6574,0,,0,,35.84,56.08,56.08,住家用,陽台外推;
113/05/27,民族路260號八樓之1,民族路,0,0,8,31,2140.0,43.85,0.8281,1,升降平面,160,估算(類別中位),31.68,48.8,62.5,住家用,陽台外推;
113/05/26,金門街260巷2號十四樓之2,金門街,0,0,14,30,1350.0,30.72,0.7297,0,,0,,30.72,43.95,43.95,住家用,
113/05/11,貴興路88號四樓之一,貴興路,0,0,4,30,2150.0,36.94,0.717,0,,0,,36.94,58.2,58.2,住家用,陽台外推;其他增建;
113/05/06,民生路三段252號十三樓,民生路三段,0,0,13,28,1800.0,32.83,0.8144,0,,0,,32.83,54.83,54.83,住家用,其他增建;
113/05/05,英士路53號二十七樓,英士路,0,0,27,27,2709.0,40.52,0.6866,1,坡道機械,180,實登揭露,35.07,66.86,72.11,住家用,陽台外推;其他增建;
113/04/24,篤行路三段93號八樓,篤行路三段,0,0,8,25,1400.0,36.4,0.6988,0,,0,,36.4,38.46,38.46,住家用,
113/04/23,新海路358號六樓,新海路,0,0,6,29,2410.0,48.11,0.7827,1,坡道平面,250,實登揭露,38.24,50.09,56.49,住家用,
113/04/23,金門街297巷1號五樓之一,金門街,0,0,5,29,1828.0,47.27,0.6338,1,坡道平面,250,估算(類別中位),36.37,38.67,43.39,住家用,陽台外推;
113/04/22,莊敬路42之2號七樓,莊敬路,1,0,7,26,2500.0,44.13,0.6118,1,坡道平面,240,實登揭露,32.45,56.65,69.65,住家用,
113/04/19,篤行路三段11號六樓,篤行路三段,0,0,6,31,1388.0,32.63,0.8034,0,,0,,32.63,42.54,42.54,住家用,陽台外推;
113/04/18,國光路67巷35號七樓,國光路,0,0,7,29,2550.0,47.26,0.6421,1,坡道平面,250,估算(類別中位),36.36,53.96,63.26,住家用,
113/04/16,篤行路二段161巷2號七樓,篤行路二段,0,0,7,31,1400.0,37.89,0.7036,0,,0,,37.89,36.95,36.95,住家用,前後陽台鐵鋁窗增建
113/04/11,莊敬路48之3號十五樓,莊敬路,1,0,15,26,2870.0,44.09,0.6125,1,坡道平面,250,實登揭露,32.41,65.09,80.84,住家用,陽台外推;
113/04/07,雨農路27巷6號十二樓之二,雨農路,0,0,12,27,2230.0,38.04,0.703,0,,0,,38.04,58.62,58.62,住家用,前陽台外推陽台外推;其他增建;
113/03/31,國慶路5號六樓,國慶路,0,0,6,28,1800.0,36.99,0.8466,0,,0,,36.99,48.66,48.66,工業用,其他增建;
113/03/09,莊敬路156號八樓,莊敬路,1,0,8,27,2250.0,30.45,0.6588,0,,0,,30.45,73.89,73.89,住家用,
113/03/04,大觀路三段95號七樓,大觀路三段,0,0,7,29,1180.0,31.59,0.7364,0,,0,,31.59,37.35,37.35,住家用,
113/02/25,中正路334號四樓之一,中正路,0,0,4,30,2000.0,43.96,0.972,1,坡道平面,220,實登揭露,33.07,45.5,53.83,住家用,
113/02/22,莊敬路48號十八樓,莊敬路,1,0,18,26,2668.0,41.2,0.6379,1,坡道平面,250,實登揭露,31.47,64.76,76.84,住家用,
113/02/04,新海路135巷33號五樓之一,新海路,0,0,5,28,1850.0,34.91,0.7772,0,,0,,34.91,52.99,52.99,住家用,
113/02/04,國慶路7號十樓,國慶路,0,0,10,28,1718.0,32.6,0.7052,0,,0,,32.6,52.7,52.7,工業用,陽台外推;
113/01/29,民生路二段243號四樓,民生路二段,0,0,4,26,2347.0,33.16,0.6771,0,,0,,33.16,70.78,70.78,住家用,
113/01/28,萬安街53巷17之8號十一樓,萬安街,0,0,11,25,1800.0,34.39,0.6989,0,,0,,34.39,52.34,52.34,住家用,陽台外推;
113/01/23,重慶路76巷6號九樓,重慶路,0,0,9,29,1966.0,32.66,0.7346,0,,0,,32.66,60.2,60.2,住家用,陽台外推;
113/01/21,板新路210號三樓,板新路,0,0,3,25,2610.0,52.9,0.6958,1,坡道平面,250,實登揭露,37.59,49.34,62.78,住家用,陽台外推;其他增建;
113/01/20,重慶路69巷18號九樓,重慶路,0,0,9,31,1865.0,34.07,0.831,0,,0,,34.07,54.74,54.74,住家用,陽台外推;其他增建;
113/01/01,莊敬路42之2號七樓,莊敬路,1,0,7,26,2300.0,44.13,0.6118,1,坡道平面,240,實登揭露,32.44,52.12,63.5,住家用,
113/01/01,重慶路76巷10號三樓,重慶路,0,0,3,28,2290.0,46.82,0.7982,1,坡道平面,250,實登揭露,33.06,48.91,61.71,住家用,陽台外推;其他增建;
112/12/19,民生路一段35號八樓之一,民生路一段,0,0,8,28,1400.0,31.21,0.8659,0,,0,,31.21,44.86,44.86,住家用,
112/12/03,民生路三段252號十一樓,民生路三段,0,0,11,28,1650.0,32.83,0.8144,0,,0,,32.83,50.26,50.26,住家用,陽台外推;其他增建;
112/12/03,重慶路274巷8號三樓,重慶路,0,0,3,26,1970.0,40.72,0.7351,1,坡道平面,230,實登揭露,31.65,48.38,54.98,住家用,陽台外推;其他增建;
112/12/03,國光路77號十一樓,國光路,0,0,11,29,2230.0,47.08,0.6408,1,坡道平面,250,估算(類別中位),36.18,47.37,54.73,住家用,
112/11/29,國光路69號六樓,國光路,0,0,6,29,2188.0,47.26,0.6421,1,坡道平面,200,實登揭露,36.36,46.3,54.68,住家用,
112/11/19,民生路二段162號十三樓,民生路二段,0,0,13,27,2250.0,38.72,0.6718,1,坡道平面,250,實登揭露,31.36,58.11,63.78,住家用,陽台外推;其他增建;
112/11/13,莊敬路42號二十三樓,莊敬路,1,0,23,26,2700.0,44.08,0.6127,1,坡道平面,250,實登揭露,32.4,61.25,75.62,住家用,
112/11/10,南雅南路一段8號八樓之十三,南雅南路一段,0,0,8,29,1382.0,30.28,0.6044,0,,0,,30.28,45.64,45.64,商業用,陽台外推;
112/10/09,民生路三段248號六樓之六,民生路三段,0,0,6,28,2015.0,44.08,0.5969,1,坡道平面,220,實登揭露,33.18,45.71,54.1,住家用,陽台外推;
112/10/06,民生路二段156號二樓,民生路二段,0,0,2,26,2360.0,41.48,0.6037,1,坡道平面,250,實登揭露,34.12,56.89,61.84,住家用,
112/10/06,南雅南路二段11之21號十一樓,南雅南路二段,0,0,11,26,1786.0,31.88,0.8188,0,,0,,31.88,56.02,56.02,住家用,
112/10/05,雙十路二段223號七樓,雙十路二段,1,0,7,25,2370.0,34.39,0.6678,0,,0,,34.39,68.92,68.92,住家用,
112/10/05,廣權路23號九樓,廣權路,0,0,9,25,1860.0,40.26,0.7025,1,坡道機械,150,實登揭露,33.67,46.2,50.79,住家用,陽台外推;
112/10/03,國慶路206號十樓,國慶路,0,0,10,29,1650.0,38.56,0.6503,0,,0,,38.56,42.79,42.79,商業用,
112/09/26,雙十路三段41號六樓,雙十路三段,1,0,6,27,2060.0,44.78,0.6289,1,坡道平面,250,估算(類別中位),36.68,46.0,49.35,住家用,陽台外推;
112/09/26,篤行路二段161巷16號八樓之一,篤行路二段,0,0,8,31,1370.0,36.48,0.7274,0,,0,,36.48,37.55,37.55,住家用,陽台外推;
112/09/24,民生路二段233號十八樓,民生路二段,0,0,18,26,2410.0,39.77,0.6805,1,坡道機械,150,實登揭露,33.25,60.6,67.97,住家用,
112/09/22,中山路二段97號四樓,中山路二段,0,0,4,27,1830.0,34.43,0.7737,0,,0,,34.43,53.15,53.15,商業用,
112/09/19,金門街297巷3號六樓,金門街,0,0,6,28,1700.0,48.76,0.664,1,坡道平面,250,估算(類別中位),37.86,34.86,38.3,住家用,
112/09/16,廣權路25號二樓,廣權路,0,0,2,25,1550.0,31.79,0.7044,0,,0,,31.79,48.76,48.76,住家用,陽台外推;
112/09/15,金門街260巷2號七樓,金門街,0,0,7,29,1170.0,30.2,0.6994,0,,0,,30.2,38.74,38.74,住家用,陽台外推;其他增建;
112/09/11,民族路260號十樓之1,民族路,0,0,10,30,1430.0,31.67,0.762,0,,0,,31.67,45.15,45.15,住家用,
112/09/11,雙十路二段223號十三樓,雙十路二段,1,0,13,25,2400.0,34.39,0.6678,0,,0,,34.39,69.79,69.79,住家用,陽台外推;
112/09/10,懷德街139巷49號五樓之一,懷德街,0,0,5,27,2060.0,33.4,0.6881,0,,0,,33.4,61.68,61.68,住家用,陽台外推;
112/08/24,莊敬路229號四樓,莊敬路,1,0,4,26,2063.0,33.29,0.6453,0,,0,,33.29,61.97,61.97,住家用,文化段899-1地號(道路用地)94.4.2逕為分割自899地號，899地號為86板使字第579號使照之建築基地陽台外推;(包含)公共設施保留地(用地);
112/08/22,中山路二段97號四樓,中山路二段,0,0,4,27,1750.0,34.43,0.7737,0,,0,,34.43,50.83,50.83,商業用,
112/08/20,重慶路269巷85號八樓,重慶路,0,0,8,27,1600.0,35.4,0.74,0,,0,,35.4,45.2,45.2,住家用,陽台外推;
112/08/18,板新路169號六樓,板新路,0,0,6,25,2180.0,36.15,0.7081,0,,0,,36.15,60.3,60.3,住家用,其他增建;
112/08/05,金門街31巷20號十三樓,金門街,0,0,13,25,1600.0,46.79,0.5883,1,坡道平面,250,估算(類別中位),37.89,34.2,35.63,住家用,陽台外推;
112/08/01,板新路204號十樓,板新路,0,0,10,25,2608.0,47.77,0.6947,1,坡道平面,250,實登揭露,32.46,54.59,72.64,住家用,其他增建;
112/07/29,新海路135巷43號二樓,新海路,0,0,2,28,2085.0,47.93,0.5691,1,坡道平面,200,實登揭露,37.03,43.5,50.9,住家用,其他增建;
112/07/28,金門街297巷15號六樓,金門街,0,0,6,28,1480.0,42.04,0.6043,1,坡道平面,200,實登揭露,31.14,35.2,41.1,住家用,陽台外推;其他增建;
112/07/22,南雅南路二段11之6號三樓,南雅南路二段,0,0,3,26,2050.0,46.56,0.8301,1,坡道平面,250,估算(類別中位),31.79,44.03,56.62,住家用,
112/07/18,長江路二段49號十七樓,長江路二段,0,0,17,25,1880.0,36.84,0.6886,1,坡道機械,180,實登揭露,31.93,51.03,53.24,住家用,
112/07/14,民生路三段252號七樓之一,民生路三段,0,0,7,27,1750.0,32.82,0.8016,0,,0,,32.82,53.32,53.32,住家用,陽台外推;其他增建;
112/07/10,篤行路二段161巷16號九樓之一,篤行路二段,0,0,9,31,1363.0,36.48,0.7274,0,,0,,36.48,37.36,37.36,住家用,陽台外推;
112/07/06,莊敬路156號八樓,莊敬路,1,0,8,26,1880.0,30.45,0.6588,0,,0,,30.45,61.74,61.74,住家用,
112/07/04,長江路二段55號十樓,長江路二段,0,0,10,25,1738.0,31.93,0.6885,0,,0,,31.93,54.43,54.43,住家用,其他增建;
112/07/01,長安街261巷41號十二樓,長安街,0,0,12,29,2280.0,49.71,0.8404,1,坡道平面,230,實登揭露,38.81,45.87,52.82,住家用,
112/07/01,萬安街53巷17之5號二樓,萬安街,0,0,2,25,2200.0,48.68,0.7162,1,坡道平面,220,實登揭露,37.5,45.19,52.8,住家用,鋁窗增建其他增建;
112/06/23,民生路二段119號三樓,民生路二段,0,0,3,30,1780.0,32.02,0.7773,0,,0,,32.02,55.59,55.59,住家用,陽台外推;其他增建;
112/06/19,雨農路27巷6號十二樓之二,雨農路,0,0,12,27,1830.0,38.04,0.703,0,,0,,38.04,48.11,48.11,住家用,陽台外推;其他增建;
112/06/18,篤行路二段161巷8號十一樓,篤行路二段,0,0,11,31,1380.0,36.09,0.7296,0,,0,,36.09,38.24,38.24,住家用,其他增建;
112/06/17,中正路375巷27號九樓,中正路,0,0,9,32,2038.0,50.62,0.8472,1,坡道平面,250,實登揭露,36.92,40.26,48.43,住家用,其他增建;
112/06/15,懷德街139巷23號十二樓之一,懷德街,0,0,12,27,1888.0,34.24,0.6711,0,,0,,34.24,55.14,55.14,住家用,其他增建;
112/06/13,國光路67巷6號五樓,國光路,0,0,5,28,2425.0,47.08,0.6408,1,坡道平面,250,估算(類別中位),36.18,51.51,60.12,住家用,
112/06/12,長江路二段47號二樓,長江路二段,0,0,2,25,1680.0,35.74,0.6734,0,,0,,35.74,47.01,47.01,住家用,
112/06/04,雙十路二段155號十樓,雙十路二段,1,0,10,26,2425.0,44.36,0.586,1,坡道平面,250,估算(類別中位),33.46,54.67,65.0,住家用,陽台外推;其他增建;
112/05/24,南雅南路二段11之11號二樓,南雅南路二段,0,0,2,26,2136.0,33.28,0.8497,0,,0,,33.28,64.18,64.18,住家用,陽台外推;其他增建;
112/05/21,篤行路二段70之1號十樓,篤行路二段,0,0,10,28,1300.0,41.72,0.8681,1,坡道平面,250,估算(類別中位),33.39,31.16,31.45,住家用,
112/05/09,南雅南路二段11之5號十一樓,南雅南路二段,0,0,11,26,2100.0,47.62,0.8287,1,坡道平面,230,實登揭露,32.85,44.1,56.93,住家用,陽台外推;其他增建;
112/04/23,英士路61號十二樓,英士路,0,0,12,26,1860.0,32.3,0.7165,0,,0,,32.3,57.59,57.59,住家用,其他增建;
112/04/18,新海路135巷41號五樓,新海路,0,0,5,28,1900.0,35.35,0.7765,0,,0,,35.35,53.75,53.75,住家用,其他增建;
112/04/16,新海路135巷41號四樓,新海路,0,0,4,28,1780.0,35.35,0.7765,0,,0,,35.35,50.35,50.35,住家用,其他增建;
112/04/10,重慶路269巷87號十四樓,重慶路,0,0,14,27,1690.0,36.6,0.7445,0,,0,,36.6,46.17,46.17,住家用,其他增建;
112/04/04,新海路366號十一樓,新海路,0,0,11,27,1820.0,41.4,0.5769,1,坡道平面,200,實登揭露,30.5,43.96,53.11,住家用,
112/03/26,重慶路76巷10號三樓,重慶路,0,0,3,28,2130.0,46.82,0.7982,1,坡道平面,250,實登揭露,33.06,45.49,56.87,住家用,陽台外推;其他增建;
112/03/18,南雅南路二段11巷5號七樓之一,南雅南路二段,0,0,7,27,1888.0,30.84,0.7999,0,,0,,30.84,61.22,61.22,住家用,陽台外推;
112/03/18,篤行路二段161巷18號十樓之一,篤行路二段,0,0,10,30,1410.0,36.44,0.7226,0,,0,,36.44,38.69,38.69,住家用,陽台外推;其他增建;
112/03/15,莊敬路25巷1之1號三樓之二,莊敬路,1,0,3,26,1708.0,31.55,0.7125,0,,0,,31.55,54.14,54.14,住家用,有雨遮+窗戶增建
112/03/03,莊敬路48號十四樓,莊敬路,1,0,14,25,2550.0,43.15,0.638,1,坡道平面,250,實登揭露,31.47,59.1,73.09,住家用,陽台外推;
112/02/28,長江路二段57號八樓,長江路二段,0,0,8,25,1758.0,37.65,0.6793,1,坡道機械,160,實登揭露,32.74,46.69,48.81,住家用,陽台外推;
112/02/28,中正路375巷25號七樓,中正路,0,0,7,32,1950.0,50.07,0.8469,1,坡道平面,250,實登揭露,36.37,38.95,46.74,住家用,陽台外推;其他增建;
112/02/22,長安街261巷43號四樓,長安街,0,0,4,29,1968.0,49.71,0.8404,1,坡道平面,210,實登揭露,37.86,39.59,46.43,住家用,其他增建;
112/02/21,雙十路二段69巷12號四樓,雙十路二段,1,0,4,30,2320.0,44.78,0.862,1,坡道平面,250,實登揭露,33.88,51.81,61.1,住家用,陽台外推;
112/02/18,文化路二段182巷3弄79號十二樓,文化路二段,1,0,12,25,2606.0,38.15,0.6453,0,,0,,38.15,68.31,68.31,辦公用,陽台外推;其他增建;
112/02/11,雨農路52號十二樓,雨農路,0,0,12,25,1700.0,32.3,0.7165,0,,0,,32.3,52.63,52.63,住家用,其他增建;
112/02/11,雙十路二段69巷10號四樓,雙十路二段,1,0,4,30,1930.0,32.16,0.8311,0,,0,,32.16,60.01,60.01,住家用,其他增建;
112/02/04,莊敬路223號七樓,莊敬路,1,0,7,26,2227.0,38.42,0.637,0,,0,,38.42,57.96,57.96,住家用,陽台外推;其他增建;
112/01/20,龍泉街90巷3號十一樓,龍泉街,0,0,11,28,1800.0,35.84,0.6574,0,,0,,35.84,50.22,50.22,住家用,陽台外推;
112/01/11,新海路135巷41號九樓,新海路,0,0,9,27,2038.0,48.31,0.7766,1,坡道平面,200,實登揭露,35.35,42.19,51.99,住家用,
112/01/03,南雅南路二段144巷72號五樓,南雅南路二段,0,0,5,34,1920.0,49.81,0.999,1,坡道平面,220,實登揭露,38.3,38.55,44.39,住家用,其他增建;
112/01/02,莊敬路42之2號十三樓,莊敬路,1,0,13,25,2168.0,32.44,0.6118,0,,0,,32.44,66.83,66.83,住家用,陽台外推;其他增建;
112/01/02,民生路三段248號十四樓之六,民生路三段,0,0,14,27,1300.0,32.52,0.8092,0,,0,,32.52,39.98,39.98,住家用,
111/12/30,龍泉街108巷7號六樓之一,龍泉街,0,0,6,28,2000.0,44.58,0.7899,1,坡道平面,220,實登揭露,34.69,44.86,51.31,住家用,陽台外推;其他增建;
111/12/06,府中路126號九樓,府中路,0,0,9,27,2158.0,50.33,0.5553,1,坡道機械,170,實登揭露,39.43,42.88,50.42,住家用,其他增建;
111/12/04,國光路31巷14號六樓,國光路,0,0,6,28,2155.0,47.08,0.6408,1,坡道平面,250,估算(類別中位),36.18,45.77,52.65,住家用,其他增建;
111/11/24,重慶路274巷12號六樓,重慶路,0,0,6,25,1665.0,33.66,0.7196,0,,0,,33.66,49.47,49.47,住家用,陽台外推;其他增建;
111/11/15,龍泉街112號四樓之一,龍泉街,0,0,4,27,1870.0,44.39,0.7942,1,坡道平面,230,實登揭露,34.5,42.13,47.54,住家用,其他增建;
111/11/09,長安街261巷47號七樓,長安街,0,0,7,28,2000.0,50.21,0.8412,1,坡道平面,250,估算(類別中位),39.31,39.83,44.52,住家用,車位編號:107號
111/10/07,國光路49巷14號十二樓,國光路,0,0,12,28,2100.0,47.08,0.6408,1,坡道平面,250,估算(類別中位),36.18,44.6,51.13,住家用,
111/09/27,國光路67巷39號十一樓,國光路,0,0,11,28,1850.0,47.26,0.6421,1,坡道平面,250,估算(類別中位),36.36,39.15,44.0,住家用,
111/09/06,新海路135巷41號七樓,新海路,0,0,7,27,1815.0,35.35,0.7765,0,,0,,35.35,51.34,51.34,住家用,其他增建;
111/08/31,國慶路182巷2號十樓,國慶路,0,0,10,27,1650.0,42.43,0.5788,1,坡道平面,250,估算(類別中位),31.53,38.89,44.4,住家用,
111/08/29,篤行路二段161巷18號十二樓,篤行路二段,0,0,12,30,1302.0,36.44,0.7226,0,,0,,36.44,35.73,35.73,住家用,
111/08/23,中正路332號三樓之二,中正路,0,0,3,28,1998.0,36.45,0.557,0,,0,,36.45,54.81,54.81,辦公用,
111/08/14,三民路二段32號九樓,三民路二段,0,0,9,27,1300.0,36.37,0.6345,0,,0,,36.37,35.74,35.74,商業用,
111/08/02,雙十路二段149號十五樓,雙十路二段,1,0,15,25,2358.0,44.71,0.5835,1,坡道平面,200,實登揭露,33.81,52.74,63.83,住家用,陽台外推;其他增建;
111/08/01,懷德街139巷49號八樓之二,懷德街,0,0,8,26,1820.0,46.22,0.4972,1,坡道平面,200,實登揭露,35.32,39.38,45.87,住家用,其他增建;
111/07/31,金門街297巷23號十一樓,金門街,0,0,11,27,1600.0,46.91,0.6399,1,坡道平面,150,實登揭露,36.01,34.11,40.27,住家用,陽台外推;
111/07/30,民族路186號六樓,民族路,0,0,6,31,1450.0,33.83,0.7523,0,,0,,33.83,42.86,42.86,商業用,
111/07/24,南雅南路二段11之1號二樓,南雅南路二段,0,0,2,25,1828.0,32.58,0.8198,0,,0,,32.58,56.11,56.11,住家用,陽台外推;
111/07/16,四川路一段107號十四樓之四,四川路一段,0,0,14,27,1980.0,38.76,0.6407,0,,0,,38.76,51.08,51.08,住家用,其他增建;
111/05/30,雙十路二段69巷10號三樓,雙十路二段,1,0,3,29,2130.0,44.09,0.8768,1,坡道平面,250,估算(類別中位),32.16,48.31,58.46,住家用,
111/05/25,四川路一段107號十二樓之八,四川路一段,0,0,12,27,2288.0,47.23,0.5094,1,坡道機械,180,實登揭露,36.33,48.44,58.02,住家用,陽台外推;其他增建;
111/05/23,民生路二段190號八樓,民生路二段,0,0,8,28,2068.0,35.61,0.7194,0,,0,,35.61,58.07,58.07,住家用,
111/05/14,新海路135巷41號六樓,新海路,0,0,6,27,1810.0,35.35,0.7765,0,,0,,35.35,51.2,51.2,住家用,其他增建;
111/05/09,新海路135巷41號八樓,新海路,0,0,8,27,1820.0,35.35,0.7765,0,,0,,35.35,51.49,51.49,住家用,其他增建;
111/05/09,龍泉街108巷4號十一樓,龍泉街,0,0,11,27,1510.0,35.84,0.6574,0,,0,,35.84,42.13,42.13,住家用,陽台外推;其他增建;
111/05/08,雨農路58號二十八樓,雨農路,0,0,28,25,1790.0,35.07,0.6866,0,,0,,35.07,51.04,51.04,住家用,陽台外推;
111/05/07,南雅南路二段11之1號二樓,南雅南路二段,0,0,2,25,1800.0,32.58,0.8198,0,,0,,32.58,55.25,55.25,住家用,陽台外推;
111/04/27,新海路346號三樓,新海路,0,0,3,27,2200.0,47.58,0.783,1,坡道平面,200,實登揭露,37.71,46.24,53.04,住家用,陽台外推;其他增建;
111/04/23,民生路三段250號四樓之一,民生路三段,0,0,4,26,1460.0,32.83,0.8144,0,,0,,32.83,44.47,44.47,住家用,陽台外推;
111/04/18,篤行路二段161巷28號十三樓,篤行路二段,0,0,13,29,1215.0,36.59,0.7401,0,,0,,36.59,33.21,33.21,住家用,
111/04/17,民生路二段180號十一樓,民生路二段,0,0,11,25,2338.0,42.0,0.6229,1,坡道平面,250,實登揭露,34.46,55.67,60.59,住家用,
111/04/17,龍泉街108巷9號十四樓之一,龍泉街,0,0,14,27,1700.0,34.69,0.7878,0,,0,,34.69,49.01,49.01,住家用,陽台外推;其他增建;
111/04/10,新海路372號六樓,新海路,0,0,6,26,1890.0,39.06,0.7988,0,,0,,39.06,48.39,48.39,住家用,陽台外推;
111/04/09,新海路356號八樓,新海路,0,0,8,27,1980.0,43.58,0.668,1,坡道機械,160,實登揭露,32.68,45.43,55.69,住家用,此案件車位面積無法拆算、買方姓名有難字
111/04/09,雨農路62號二十四樓,雨農路,0,0,24,25,1880.0,37.75,0.7166,1,坡道機械,180,實登揭露,32.3,49.8,52.63,住家用,其他增建;
111/04/02,金門街297巷19號十一樓,金門街,0,0,11,27,1450.0,41.37,0.5993,1,坡道平面,250,估算(類別中位),30.47,35.05,39.38,住家用,前後陽台外推，依使用現況點交陽台外推;
111/03/31,板新路20號十二樓,板新路,0,0,12,29,1980.0,39.46,0.6029,0,,0,,39.46,50.18,50.18,住家用,其他增建;
111/03/25,國慶路13號十一樓之一,國慶路,0,0,11,26,1465.0,43.14,0.594,1,坡道機械,180,估算(類別中位),32.24,33.96,39.86,工業用,
111/03/21,莊敬路25巷1號十八樓,莊敬路,1,0,18,25,2500.0,52.99,0.4929,2,坡道平面/坡道平面,350,實登揭露,31.19,47.18,68.93,住家用,其他增建;
111/03/04,中正路336號四樓之三,中正路,0,0,4,28,1635.0,35.26,0.6817,0,,0,,35.26,46.37,46.37,住家用,
111/02/15,中正路338號十八樓之三,中正路,0,0,18,28,1580.0,36.08,0.6836,0,,0,,36.08,43.79,43.79,住家用,
111/02/14,重慶路76巷6號七樓,重慶路,0,0,7,27,1680.0,32.66,0.7346,0,,0,,32.66,51.44,51.44,住家用,陽台外推;
111/01/11,懷德街139巷23號十二樓,懷德街,0,0,12,26,1555.0,33.48,0.6864,0,,0,,33.48,46.45,46.45,住家用,其他增建;
111/01/04,三民路二段40號十樓之二,三民路二段,0,0,10,27,1938.0,47.63,0.5174,1,升降平面,160,估算(類別中位),36.73,40.69,48.41,住家用,陽台外推;
