交易日期,棟,樓層,總價萬,總面積坪,車位數,車位價萬,車位價來源,扣車位面積坪,含車單價,不含車單價,期別,備註
115/04/23,167,32,13000.0,268.05,3,450.0,實登揭露,235.05,48.5,53.39,二手,
114/09/03,169,30,11800.0,247.3,3,450.0,實登揭露,214.3,47.72,52.96,二手,
113/10/01,169,13,9680.0,230.5,3,450,估算(坡道平面中位),192.22,42.0,48.02,二手,毛胚屋;
112/06/20,169,8,12600.0,217.78,3,450,估算(坡道平面中位),179.5,57.86,67.69,二手,
111/02/25,169,34,13232.0,245.25,3,600.0,實登揭露,208.78,53.95,60.5,二手,
111/01/22,167,14,11058.0,238.15,3,450.0,實登揭露,200.14,46.43,53.0,二手,
110/12/07,167,37,14512.0,270.14,3,600.0,實登揭露,231.86,53.72,60.0,二手,
110/12/07,169,37,13700.0,254.79,3,600.0,實登揭露,218.32,53.77,60.0,二手,
109/05/30,167,31,14666.0,263.66,3,450.0,實登揭露,225.65,55.62,63.0,二手,
108/11/07,167,12,11500.0,229.78,3,450,估算(坡道平面中位),191.5,50.05,57.7,二手,
108/09/17,169,6,10753.0,214.38,3,450.0,實登揭露,176.13,50.16,58.5,二手,
108/07/23,167,13,11376.0,231.64,3,450.0,實登揭露,193.36,49.11,56.51,二手,
108/07/02,167,5,10500.0,213.73,3,600.0,實登揭露,175.72,49.13,56.34,二手,
107/09/14,169,11,10837.0,237.14,4,600.0,實登揭露,186.1,45.7,55.01,二手,
107/09/03,169,13,10570.0,230.5,3,450,估算(坡道平面中位),192.25,45.86,52.64,二手,
107/08/27,169,4,10680.0,208.75,3,510.0,實登揭露,175.75,51.16,57.87,二手,
107/07/12,169,3,10617.0,214.0,3,600.0,實登揭露,175.72,49.61,57.01,二手,
107/07/02,167,36,17077.0,266.85,3,600.0,實登揭露,228.84,63.99,72.0,二手,
107/07/02,169,36,16130.0,253.69,3,600.0,實登揭露,215.68,63.58,72.0,二手,
107/06/29,167,3,10643.0,208.75,3,450.0,實登揭露,175.75,50.98,58.0,二手,
107/01/16,167,4,10994.0,213.73,3,450.0,實登揭露,175.72,51.44,60.0,二手,
107/01/02,169,19,7028.0,168.07,3,450.0,實登揭露,131.55,41.82,50.0,二手,
106/12/12,167,26,12503.0,246.34,4,560.0,實登揭露,195.3,50.76,61.15,首售,
106/08/13,167,15,12501.0,244.26,3,450.0,實登揭露,205.98,51.18,58.51,首售,
106/08/01,169,8,10599.0,217.78,3,450.0,實登揭露,179.5,48.67,56.54,首售,
106/06/20,169,26,14242.0,256.93,3,510.0,實登揭露,218.65,55.43,62.8,首售,
106/05/17,167,23,11301.0,235.07,4,520.0,實登揭露,184.03,48.08,58.58,首售,
106/05/17,167,29,14200.0,248.41,3,510.0,實登揭露,210.13,57.16,65.15,首售,
106/05/03,169,14,10337.0,214.36,3,390.0,實登揭露,176.08,48.22,56.49,首售,
106/03/31,167,2,10906.0,214.0,3,450.0,實登揭露,175.72,50.96,59.5,首售,"建物第一次登記後移轉,畸零地或有合併使用之交易。;"
106/03/31,167,27,13588.0,255.44,4,800.0,實登揭露,204.4,53.19,62.56,首售,"建物第一次登記後移轉,畸零地或有合併使用之交易。;"
106/03/31,169,30,14318.0,247.3,3,450.0,實登揭露,214.3,57.9,64.71,首售,"建物第一次登記後移轉,畸零地或有合併使用之交易。;"
106/03/24,167,7,9542.0,227.53,4,440.0,實登揭露,176.49,41.94,51.57,首售,"建物第一次登記後移轉,畸零地或有合併使用之交易。;"
106/03/24,167,8,10087.0,219.33,3,390.0,實登揭露,181.05,45.99,53.56,首售,"建物第一次登記後移轉,畸零地或有合併使用之交易。;"
106/03/24,169,6,9559.0,214.38,3,330.0,實登揭露,176.1,44.59,52.41,首售,"建物第一次登記後移轉,畸零地或有合併使用之交易。;"
106/03/24,169,7,10751.0,214.93,3,390.0,實登揭露,176.65,50.02,58.65,首售,"建物第一次登記後移轉,畸零地或有合併使用之交易。;"
106/03/22,167,9,10118.0,219.91,3,390.0,實登揭露,181.63,46.01,53.56,首售,"建物第一次登記後移轉,畸零地或有合併使用之交易。;"
106/03/22,167,11,10789.0,239.11,4,520.0,實登揭露,188.07,45.12,54.6,首售,"建物第一次登記後移轉,畸零地或有合併使用之交易。;"
106/03/22,167,10,10354.0,220.97,3,390.0,實登揭露,182.69,46.86,54.54,首售,"建物第一次登記後移轉,畸零地或有合併使用之交易。;"
106/03/22,169,9,10154.0,221.34,3,330.0,實登揭露,183.06,45.88,53.67,首售,"建物第一次登記後移轉,畸零地或有合併使用之交易。;"
106/03/22,169,10,10410.0,222.78,3,330.0,實登揭露,184.5,46.73,54.63,首售,"建物第一次登記後移轉,畸零地或有合併使用之交易。;"
106/03/20,167,12,11681.0,229.78,3,450.0,實登揭露,191.5,50.84,58.65,首售,"建物第一次登記後移轉,畸零地或有合併使用之交易。;"
106/03/20,167,30,14966.0,250.49,3,510.0,實登揭露,212.21,59.75,68.12,首售,"建物第一次登記後移轉,畸零地或有合併使用之交易。;"
106/03/20,167,35,18065.0,275.57,3,600.0,實登揭露,242.57,65.56,72.0,首售,"建物第一次登記後移轉,畸零地或有合併使用之交易。;"
106/03/20,169,35,15681.0,244.37,3,600.0,實登揭露,211.37,64.17,71.35,首售,建物第一次登記後移轉
106/03/18,169,22,12265.0,233.3,3,390.0,實登揭露,195.02,52.57,60.89,首售,建物第一次登記後移轉
106/03/18,169,29,14543.0,260.46,3,450.0,實登揭露,222.18,55.84,63.43,首售,"建物第一次登記後移轉,畸零地或有合併使用之交易。;"
106/03/18,169,32,15467.0,259.72,3,510.0,實登揭露,221.44,59.55,67.54,首售,"建物第一次登記後移轉,畸零地或有合併使用之交易。;"
106/03/16,167,16,12483.0,246.23,3,450.0,實登揭露,209.71,50.7,57.38,首售,"建物第一次登記後移轉,畸零地或有合併使用之交易。;"
106/03/16,167,18,12171.0,239.53,3,450.0,實登揭露,203.01,50.81,57.74,首售,"建物第一次登記後移轉,畸零地或有合併使用之交易。;"
106/03/16,167,21,11072.0,232.88,4,600.0,實登揭露,181.84,47.54,57.59,首售,"建物第一次登記後移轉,畸零地或有合併使用之交易。;"
106/03/16,167,22,11090.0,220.39,3,390.0,實登揭露,182.11,50.32,58.76,首售,"建物第一次登記後移轉,畸零地或有合併使用之交易。;"
106/03/16,169,18,10500.0,226.18,3,390.0,實登揭露,187.9,46.42,53.81,首售,"建物第一次登記後移轉,畸零地或有合併使用之交易。;"
106/03/13,167,19,12207.0,242.18,3,330.0,實登揭露,205.66,50.4,57.75,首售,"建物第一次登記後移轉,畸零地或有合併使用之交易。;"
106/03/13,169,13,11610.0,230.5,3,330.0,實登揭露,192.22,50.37,58.68,首售,"建物第一次登記後移轉,畸零地或有合併使用之交易。;"
106/03/13,169,27,13611.0,254.2,3,390.0,實登揭露,215.92,53.54,61.23,首售,"建物第一次登記後移轉,畸零地或有合併使用之交易。;"
106/03/10,167,20,12673.0,249.68,3,450.0,實登揭露,211.4,50.76,57.82,首售,"建物第一次登記後移轉,畸零地或有合併使用之交易。;"
106/03/10,167,24,11716.0,238.97,4,600.0,實登揭露,187.93,49.03,59.15,首售,"建物第一次登記後移轉,畸零地或有合併使用之交易。;"
106/03/10,167,33,16732.0,293.45,4,680.0,實登揭露,242.41,57.02,66.22,首售,"建物第一次登記後移轉,畸零地或有合併使用之交易。;"
106/03/10,169,21,11571.0,231.41,3,450.0,實登揭露,193.13,50.0,57.58,首售,建物第一次登記後移轉
106/03/10,169,20,11315.0,227.75,3,510.0,實登揭露,189.47,49.68,57.03,首售,"建物第一次登記後移轉,畸零地或有合併使用之交易。;"
106/03/10,169,24,12551.0,242.94,3,450.0,實登揭露,204.66,51.66,59.13,首售,畸零地或有合併使用之交易。;
106/03/10,169,33,15456.0,273.8,4,680.0,實登揭露,222.76,56.45,66.33,首售,"建物第一次登記後移轉,畸零地或有合併使用之交易。;"
106/02/20,167,25,12428.0,230.91,3,450.0,實登揭露,192.63,53.82,62.18,首售,"建物第一次登記後移轉,畸零地或有合併使用之交易。;"
105/12/31,169,12,11364.0,226.17,3,450.0,實登揭露,187.89,50.25,58.09,首售,"建物第一次登記後移轉,畸零地或有合併使用之交易。;"
105/12/30,169,17,11749.0,238.4,4,600.0,實登揭露,187.36,49.28,59.51,首售,"建物第一次登記後移轉,畸零地或有合併使用之交易。;"
105/12/30,169,25,13840.0,263.41,4,520.0,實登揭露,212.37,52.54,62.72,首售,"建物第一次登記後移轉,畸零地或有合併使用之交易。;"
105/12/27,167,17,12353.0,237.6,3,450.0,實登揭露,199.32,51.99,59.72,首售,"建物第一次登記後移轉,畸零地或有合併使用之交易。;"
105/12/27,169,16,10930.0,214.52,3,450.0,實登揭露,176.24,50.95,59.46,首售,"建物第一次登記後移轉,畸零地或有合併使用之交易。;"
105/12/21,169,23,11960.0,260.37,5,650.0,實登揭露,196.57,45.93,57.54,首售,"建物第一次登記後移轉,畸零地或有合併使用之交易。;"
105/12/19,167,28,12102.0,245.24,3,360.0,實登揭露,206.96,49.35,56.74,首售,"建物第一次登記後移轉,畸零地或有合併使用之交易。;"
105/12/19,169,28,13020.0,283.04,5,550.0,實登揭露,219.24,46.0,56.88,首售,"建物第一次登記後移轉,畸零地或有合併使用之交易。;"
105/12/13,169,31,15293.0,281.25,5,750.0,實登揭露,217.45,54.38,66.88,首售,"建物第一次登記後移轉,畸零地或有合併使用之交易。;"
105/11/22,167,6,9550.0,214.56,3,330.0,實登揭露,176.28,44.51,52.3,首售,"建物第一次登記後移轉,畸零地或有合併使用之交易。;"
105/11/22,169,15,10714.0,214.38,3,330.0,實登揭露,176.1,49.98,58.97,首售,"建物第一次登記後移轉,畸零地或有合併使用之交易。;"
